account,sale_month,gained_locations,lost_locations,net_location_change
POLK,2025-01-01 00:00:00,0,133,-133
LINN,2025-01-01 00:00:00,0,48,-48
BLACK HAWK,2025-01-01 00:00:00,0,37,-37
WOODBURY,2025-01-01 00:00:00,0,34,-34
JOHNSON,2025-01-01 00:00:00,0,34,-34
SCOTT,2025-01-01 00:00:00,0,32,-32
POTTAWATTAMIE,2025-01-01 00:00:00,0,27,-27
DUBUQUE,2025-01-01 00:00:00,0,21,-21
STORY,2025-01-01 00:00:00,0,19,-19
MUSCATINE,2025-01-01 00:00:00,0,13,-13
CERRO GORDO,2025-01-01 00:00:00,0,12,-12
DES MOINES,2025-01-01 00:00:00,0,12,-12
WARREN,2025-01-01 00:00:00,0,10,-10
LEE,2025-01-01 00:00:00,0,10,-10
BENTON,2025-01-01 00:00:00,0,10,-10
CLINTON,2025-01-01 00:00:00,0,10,-10
SIOUX,2025-01-01 00:00:00,0,10,-10
DALLAS,2025-01-01 00:00:00,0,10,-10
JASPER,2025-01-01 00:00:00,0,9,-9
WAPELLO,2025-01-01 00:00:00,0,9,-9
MARSHALL,2025-01-01 00:00:00,0,9,-9
IOWA,2025-01-01 00:00:00,0,8,-8
O'BRIEN,2025-01-01 00:00:00,0,7,-7
POWESHIEK,2025-01-01 00:00:00,0,7,-7
WEBSTER,2025-01-01 00:00:00,0,7,-7
MARION,2025-01-01 00:00:00,0,6,-6
HARDIN,2025-01-01 00:00:00,0,6,-6
KOSSUTH,2025-01-01 00:00:00,0,6,-6
FAYETTE,2025-01-01 00:00:00,0,5,-5
JACKSON,2025-01-01 00:00:00,0,5,-5
PLYMOUTH,2025-01-01 00:00:00,0,5,-5
BOONE,2025-01-01 00:00:00,0,5,-5
CARROLL,2025-01-01 00:00:00,0,5,-5
DICKINSON,2025-01-01 00:00:00,0,5,-5
BUCHANAN,2025-01-01 00:00:00,0,5,-5
WASHINGTON,2025-01-01 00:00:00,0,5,-5
CEDAR,2025-01-01 00:00:00,0,4,-4
CALHOUN,2025-01-01 00:00:00,0,4,-4
LYON,2025-01-01 00:00:00,0,4,-4
UNION,2025-01-01 00:00:00,0,4,-4
MILLS,2025-01-01 00:00:00,0,4,-4
JONES,2025-01-01 00:00:00,0,4,-4
HARRISON,2025-01-01 00:00:00,0,4,-4
CLAY,2025-01-01 00:00:00,0,4,-4
HAMILTON,2025-01-01 00:00:00,0,4,-4
BREMER,2025-01-01 00:00:00,0,4,-4
FLOYD,2025-01-01 00:00:00,0,3,-3
MADISON,2025-01-01 00:00:00,0,3,-3
MONONA,2025-01-01 00:00:00,0,3,-3
WINNESHIEK,2025-01-01 00:00:00,0,3,-3
PAGE,2025-01-01 00:00:00,0,3,-3
ALLAMAKEE,2025-01-01 00:00:00,0,3,-3
ADAIR,2025-01-01 00:00:00,0,3,-3
JEFFERSON,2025-01-01 00:00:00,0,3,-3
SHELBY,2025-01-01 00:00:00,0,3,-3
MAHASKA,2025-01-01 00:00:00,0,3,-3
APPANOOSE,2025-01-01 00:00:00,0,3,-3
IDA,2025-01-01 00:00:00,0,3,-3
BUENA VISTA,2025-01-01 00:00:00,0,3,-3
CLARKE,2025-01-01 00:00:00,0,2,-2
WORTH,2025-01-01 00:00:00,0,2,-2
WRIGHT,2025-01-01 00:00:00,0,2,-2
CLAYTON,2025-01-01 00:00:00,0,2,-2
HENRY,2025-01-01 00:00:00,0,2,-2
WINNEBAGO,2025-01-01 00:00:00,0,2,-2
GUTHRIE,2025-01-01 00:00:00,0,2,-2
GRUNDY,2025-01-01 00:00:00,0,2,-2
EMMET,2025-01-01 00:00:00,0,2,-2
LUCAS,2025-01-01 00:00:00,0,2,-2
POCAHONTAS,2025-01-01 00:00:00,0,2,-2
DELAWARE,2025-01-01 00:00:00,0,2,-2
AUDUBON,2025-01-01 00:00:00,0,2,-2
CHEROKEE,2025-01-01 00:00:00,0,2,-2
CHICKASAW,2025-01-01 00:00:00,0,2,-2
WAYNE,2025-01-01 00:00:00,0,2,-2
BUTLER,2025-01-01 00:00:00,0,2,-2
HOWARD,2025-01-01 00:00:00,0,2,-2
TAMA,2025-01-01 00:00:00,0,2,-2
SAC,2025-01-01 00:00:00,0,2,-2
MONROE,2025-01-01 00:00:00,0,1,-1
FRANKLIN,2025-01-01 00:00:00,0,1,-1
HUMBOLDT,2025-01-01 00:00:00,0,1,-1
VAN BUREN,2025-01-01 00:00:00,0,1,-1
CRAWFORD,2025-01-01 00:00:00,0,1,-1
MITCHELL,2025-01-01 00:00:00,0,1,-1
ADAMS,2025-01-01 00:00:00,0,1,-1
MONTGOMERY,2025-01-01 00:00:00,0,1,-1
PALO ALTO,2025-01-01 00:00:00,0,1,-1
KEOKUK,2025-01-01 00:00:00,0,1,-1
FREMONT,2025-01-01 00:00:00,0,1,-1
GREENE,2025-01-01 00:00:00,0,1,-1
HANCOCK,2025-01-01 00:00:00,0,1,-1
TAYLOR,2025-01-01 00:00:00,0,1,-1
CASS,2025-01-01 00:00:00,0,1,-1
BLACK HAWK,2024-12-01 00:00:00,21,9,12
LINN,2024-12-01 00:00:00,16,27,-11
WOODBURY,2024-12-01 00:00:00,15,4,11
JOHNSON,2024-12-01 00:00:00,17,7,10
DALLAS,2024-12-01 00:00:00,4,12,-8
POLK,2024-12-01 00:00:00,49,57,-8
DES MOINES,2024-12-01 00:00:00,5,13,-8
IOWA,2024-12-01 00:00:00,7,2,5
STORY,2024-12-01 00:00:00,6,10,-4
POWESHIEK,2024-12-01 00:00:00,5,1,4
WEBSTER,2024-12-01 00:00:00,3,6,-3
TAMA,2024-12-01 00:00:00,1,4,-3
KOSSUTH,2024-12-01 00:00:00,4,1,3
CASS,2024-12-01 00:00:00,0,3,-3
MAHASKA,2024-12-01 00:00:00,1,4,-3
POTTAWATTAMIE,2024-12-01 00:00:00,9,12,-3
UNION,2024-12-01 00:00:00,4,1,3
WARREN,2024-12-01 00:00:00,5,8,-3
CALHOUN,2024-12-01 00:00:00,4,1,3
IDA,2024-12-01 00:00:00,2,0,2
RINGGOLD,2024-12-01 00:00:00,0,2,-2
CLINTON,2024-12-01 00:00:00,4,6,-2
BUENA VISTA,2024-12-01 00:00:00,2,4,-2
WASHINGTON,2024-12-01 00:00:00,4,2,2
SHELBY,2024-12-01 00:00:00,2,0,2
JONES,2024-12-01 00:00:00,2,0,2
DICKINSON,2024-12-01 00:00:00,1,3,-2
CHEROKEE,2024-12-01 00:00:00,0,2,-2
BENTON,2024-12-01 00:00:00,5,3,2
LOUISA,2024-12-01 00:00:00,0,2,-2
LUCAS,2024-12-01 00:00:00,1,3,-2
CARROLL,2024-12-01 00:00:00,3,1,2
BOONE,2024-12-01 00:00:00,0,2,-2
O'BRIEN,2024-12-01 00:00:00,3,1,2
FAYETTE,2024-12-01 00:00:00,4,2,2
JACKSON,2024-12-01 00:00:00,3,1,2
FLOYD,2024-12-01 00:00:00,2,0,2
WORTH,2024-12-01 00:00:00,2,0,2
PAGE,2024-12-01 00:00:00,0,2,-2
MADISON,2024-12-01 00:00:00,0,2,-2
HARDIN,2024-12-01 00:00:00,4,3,1
HOWARD,2024-12-01 00:00:00,1,2,-1
WAYNE,2024-12-01 00:00:00,1,0,1
BUTLER,2024-12-01 00:00:00,0,1,-1
MARSHALL,2024-12-01 00:00:00,3,4,-1
HANCOCK,2024-12-01 00:00:00,1,0,1
HAMILTON,2024-12-01 00:00:00,1,2,-1
SIOUX,2024-12-01 00:00:00,6,5,1
BREMER,2024-12-01 00:00:00,2,1,1
ADAMS,2024-12-01 00:00:00,0,1,-1
JASPER,2024-12-01 00:00:00,6,5,1
MONTGOMERY,2024-12-01 00:00:00,1,2,-1
HARRISON,2024-12-01 00:00:00,1,0,1
POCAHONTAS,2024-12-01 00:00:00,1,0,1
LEE,2024-12-01 00:00:00,7,6,1
SCOTT,2024-12-01 00:00:00,19,20,-1
APPANOOSE,2024-12-01 00:00:00,0,1,-1
BUCHANAN,2024-12-01 00:00:00,3,4,-1
FREMONT,2024-12-01 00:00:00,0,1,-1
AUDUBON,2024-12-01 00:00:00,1,0,1
CLAY,2024-12-01 00:00:00,2,1,1
KEOKUK,2024-12-01 00:00:00,1,0,1
OSCEOLA,2024-12-01 00:00:00,0,1,-1
CRAWFORD,2024-12-01 00:00:00,1,2,-1
MITCHELL,2024-12-01 00:00:00,0,1,-1
VAN BUREN,2024-12-01 00:00:00,1,0,1
HENRY,2024-12-01 00:00:00,2,3,-1
ADAIR,2024-12-01 00:00:00,3,2,1
GRUNDY,2024-12-01 00:00:00,1,2,-1
JEFFERSON,2024-12-01 00:00:00,1,0,1
EMMET,2024-12-01 00:00:00,0,1,-1
MILLS,2024-12-01 00:00:00,2,1,1
GUTHRIE,2024-12-01 00:00:00,2,1,1
CLARKE,2024-12-01 00:00:00,1,0,1
MONROE,2024-12-01 00:00:00,1,2,-1
CEDAR,2024-12-01 00:00:00,2,1,1
MONONA,2024-12-01 00:00:00,1,0,1
MUSCATINE,2024-12-01 00:00:00,4,5,-1
DUBUQUE,2024-12-01 00:00:00,11,10,1
HUMBOLDT,2024-12-01 00:00:00,0,1,-1
PLYMOUTH,2024-12-01 00:00:00,1,0,1
LYON,2024-12-01 00:00:00,2,3,-1
WRIGHT,2024-12-01 00:00:00,2,1,1
WINNESHIEK,2024-12-01 00:00:00,2,1,1
CLAYTON,2024-12-01 00:00:00,1,2,-1
GREENE,2024-12-01 00:00:00,1,1,0
SAC,2024-12-01 00:00:00,1,1,0
TAYLOR,2024-12-01 00:00:00,0,0,0
DELAWARE,2024-12-01 00:00:00,1,1,0
WAPELLO,2024-12-01 00:00:00,4,4,0
PALO ALTO,2024-12-01 00:00:00,1,1,0
CHICKASAW,2024-12-01 00:00:00,1,1,0
WINNEBAGO,2024-12-01 00:00:00,1,1,0
MARION,2024-12-01 00:00:00,3,3,0
CERRO GORDO,2024-12-01 00:00:00,5,5,0
FRANKLIN,2024-12-01 00:00:00,1,1,0
ALLAMAKEE,2024-12-01 00:00:00,1,1,0
POLK,2024-11-01 00:00:00,57,43,14
DES MOINES,2024-11-01 00:00:00,13,2,11
JOHNSON,2024-11-01 00:00:00,9,19,-10
LINN,2024-11-01 00:00:00,30,21,9
BLACK HAWK,2024-11-01 00:00:00,11,19,-8
MUSCATINE,2024-11-01 00:00:00,9,2,7
SCOTT,2024-11-01 00:00:00,14,20,-6
POWESHIEK,2024-11-01 00:00:00,1,6,-5
DUBUQUE,2024-11-01 00:00:00,13,8,5
BOONE,2024-11-01 00:00:00,5,0,5
MADISON,2024-11-01 00:00:00,4,0,4
LUCAS,2024-11-01 00:00:00,4,0,4
WOODBURY,2024-11-01 00:00:00,10,13,-3
APPANOOSE,2024-11-01 00:00:00,3,0,3
CLARKE,2024-11-01 00:00:00,0,3,-3
O'BRIEN,2024-11-01 00:00:00,4,1,3
FLOYD,2024-11-01 00:00:00,1,4,-3
CLINTON,2024-11-01 00:00:00,7,4,3
WEBSTER,2024-11-01 00:00:00,4,1,3
WRIGHT,2024-11-01 00:00:00,1,4,-3
IOWA,2024-11-01 00:00:00,2,5,-3
WAPELLO,2024-11-01 00:00:00,6,3,3
CARROLL,2024-11-01 00:00:00,0,3,-3
GUTHRIE,2024-11-01 00:00:00,0,3,-3
CERRO GORDO,2024-11-01 00:00:00,7,4,3
GRUNDY,2024-11-01 00:00:00,3,0,3
MAHASKA,2024-11-01 00:00:00,4,2,2
AUDUBON,2024-11-01 00:00:00,0,2,-2
CHICKASAW,2024-11-01 00:00:00,2,0,2
MONROE,2024-11-01 00:00:00,2,0,2
HAMILTON,2024-11-01 00:00:00,3,1,2
BUENA VISTA,2024-11-01 00:00:00,3,1,2
KOSSUTH,2024-11-01 00:00:00,3,1,2
RINGGOLD,2024-11-01 00:00:00,2,0,2
BUTLER,2024-11-01 00:00:00,3,1,2
HOWARD,2024-11-01 00:00:00,2,0,2
HANCOCK,2024-11-01 00:00:00,0,2,-2
PLYMOUTH,2024-11-01 00:00:00,4,2,2
MONONA,2024-11-01 00:00:00,0,2,-2
PAGE,2024-11-01 00:00:00,3,1,2
JASPER,2024-11-01 00:00:00,3,5,-2
ADAMS,2024-11-01 00:00:00,2,0,2
PALO ALTO,2024-11-01 00:00:00,1,3,-2
JEFFERSON,2024-11-01 00:00:00,1,3,-2
POTTAWATTAMIE,2024-11-01 00:00:00,14,12,2
UNION,2024-11-01 00:00:00,1,3,-2
MARION,2024-11-01 00:00:00,4,2,2
CRAWFORD,2024-11-01 00:00:00,1,2,-1
VAN BUREN,2024-11-01 00:00:00,0,1,-1
HENRY,2024-11-01 00:00:00,2,1,1
MITCHELL,2024-11-01 00:00:00,1,0,1
WINNEBAGO,2024-11-01 00:00:00,1,0,1
STORY,2024-11-01 00:00:00,12,11,1
BENTON,2024-11-01 00:00:00,5,4,1
BUCHANAN,2024-11-01 00:00:00,3,4,-1
FREMONT,2024-11-01 00:00:00,1,0,1
KEOKUK,2024-11-01 00:00:00,0,1,-1
FAYETTE,2024-11-01 00:00:00,2,1,1
WORTH,2024-11-01 00:00:00,0,1,-1
CEDAR,2024-11-01 00:00:00,2,1,1
FRANKLIN,2024-11-01 00:00:00,1,0,1
JACKSON,2024-11-01 00:00:00,1,0,1
WASHINGTON,2024-11-01 00:00:00,2,1,1
CASS,2024-11-01 00:00:00,2,1,1
DALLAS,2024-11-01 00:00:00,10,9,1
SAC,2024-11-01 00:00:00,1,0,1
BREMER,2024-11-01 00:00:00,2,1,1
TAYLOR,2024-11-01 00:00:00,1,0,1
MARSHALL,2024-11-01 00:00:00,4,3,1
WAYNE,2024-11-01 00:00:00,1,2,-1
IDA,2024-11-01 00:00:00,0,1,-1
ALLAMAKEE,2024-11-01 00:00:00,2,1,1
LYON,2024-11-01 00:00:00,3,2,1
WINNESHIEK,2024-11-01 00:00:00,1,2,-1
CLAYTON,2024-11-01 00:00:00,2,1,1
HUMBOLDT,2024-11-01 00:00:00,1,0,1
MONTGOMERY,2024-11-01 00:00:00,1,2,-1
SHELBY,2024-11-01 00:00:00,0,1,-1
LEE,2024-11-01 00:00:00,4,3,1
JONES,2024-11-01 00:00:00,1,2,-1
HARRISON,2024-11-01 00:00:00,1,2,-1
EMMET,2024-11-01 00:00:00,2,1,1
ADAIR,2024-11-01 00:00:00,1,2,-1
MILLS,2024-11-01 00:00:00,1,0,1
LOUISA,2024-11-01 00:00:00,1,1,0
CHEROKEE,2024-11-01 00:00:00,0,0,0
CLAY,2024-11-01 00:00:00,0,0,0
OSCEOLA,2024-11-01 00:00:00,0,0,0
WARREN,2024-11-01 00:00:00,7,7,0
TAMA,2024-11-01 00:00:00,2,2,0
SIOUX,2024-11-01 00:00:00,6,6,0
GREENE,2024-11-01 00:00:00,1,1,0
HARDIN,2024-11-01 00:00:00,4,4,0
CALHOUN,2024-11-01 00:00:00,1,1,0
DICKINSON,2024-11-01 00:00:00,2,2,0
POCAHONTAS,2024-11-01 00:00:00,0,0,0
DELAWARE,2024-11-01 00:00:00,1,1,0
POLK,2024-10-01 00:00:00,55,45,10
DUBUQUE,2024-10-01 00:00:00,4,12,-8
DES MOINES,2024-10-01 00:00:00,5,12,-7
CLINTON,2024-10-01 00:00:00,2,8,-6
JASPER,2024-10-01 00:00:00,8,2,6
STORY,2024-10-01 00:00:00,12,6,6
WOODBURY,2024-10-01 00:00:00,13,7,6
BUCHANAN,2024-10-01 00:00:00,6,1,5
SIOUX,2024-10-01 00:00:00,6,2,4
BLACK HAWK,2024-10-01 00:00:00,13,16,-3
JOHNSON,2024-10-01 00:00:00,14,11,3
BENTON,2024-10-01 00:00:00,6,3,3
CERRO GORDO,2024-10-01 00:00:00,5,8,-3
JEFFERSON,2024-10-01 00:00:00,3,0,3
FAYETTE,2024-10-01 00:00:00,1,4,-3
CEDAR,2024-10-01 00:00:00,0,3,-3
PLYMOUTH,2024-10-01 00:00:00,1,4,-3
BUENA VISTA,2024-10-01 00:00:00,0,2,-2
CASS,2024-10-01 00:00:00,2,4,-2
DALLAS,2024-10-01 00:00:00,9,7,2
WASHINGTON,2024-10-01 00:00:00,0,2,-2
TAMA,2024-10-01 00:00:00,4,2,2
PALO ALTO,2024-10-01 00:00:00,2,0,2
LEE,2024-10-01 00:00:00,2,4,-2
WAPELLO,2024-10-01 00:00:00,2,4,-2
LINN,2024-10-01 00:00:00,24,22,2
KEOKUK,2024-10-01 00:00:00,1,3,-2
WINNEBAGO,2024-10-01 00:00:00,1,3,-2
LOUISA,2024-10-01 00:00:00,2,0,2
CRAWFORD,2024-10-01 00:00:00,2,0,2
BOONE,2024-10-01 00:00:00,1,3,-2
MILLS,2024-10-01 00:00:00,0,2,-2
CARROLL,2024-10-01 00:00:00,1,3,-2
LUCAS,2024-10-01 00:00:00,0,2,-2
WARREN,2024-10-01 00:00:00,7,5,2
CLARKE,2024-10-01 00:00:00,3,1,2
HUMBOLDT,2024-10-01 00:00:00,0,2,-2
CALHOUN,2024-10-01 00:00:00,0,2,-2
IDA,2024-10-01 00:00:00,0,1,-1
HOWARD,2024-10-01 00:00:00,0,1,-1
MARSHALL,2024-10-01 00:00:00,4,5,-1
RINGGOLD,2024-10-01 00:00:00,0,1,-1
WAYNE,2024-10-01 00:00:00,1,0,1
BUTLER,2024-10-01 00:00:00,0,1,-1
SAC,2024-10-01 00:00:00,0,1,-1
TAYLOR,2024-10-01 00:00:00,0,1,-1
BREMER,2024-10-01 00:00:00,2,1,1
KOSSUTH,2024-10-01 00:00:00,1,2,-1
WEBSTER,2024-10-01 00:00:00,3,4,-1
HARRISON,2024-10-01 00:00:00,2,1,1
SCOTT,2024-10-01 00:00:00,18,17,1
MONTGOMERY,2024-10-01 00:00:00,2,1,1
MAHASKA,2024-10-01 00:00:00,2,1,1
CHEROKEE,2024-10-01 00:00:00,2,1,1
APPANOOSE,2024-10-01 00:00:00,0,1,-1
FREMONT,2024-10-01 00:00:00,0,1,-1
CHICKASAW,2024-10-01 00:00:00,0,1,-1
MITCHELL,2024-10-01 00:00:00,1,0,1
VAN BUREN,2024-10-01 00:00:00,1,0,1
,2024-10-01 00:00:00,0,1,-1
MARION,2024-10-01 00:00:00,3,4,-1
ADAIR,2024-10-01 00:00:00,2,1,1
GUTHRIE,2024-10-01 00:00:00,2,1,1
GRUNDY,2024-10-01 00:00:00,0,1,-1
FRANKLIN,2024-10-01 00:00:00,0,1,-1
MONROE,2024-10-01 00:00:00,0,1,-1
O'BRIEN,2024-10-01 00:00:00,0,1,-1
JACKSON,2024-10-01 00:00:00,1,2,-1
CLAYTON,2024-10-01 00:00:00,1,2,-1
ALLAMAKEE,2024-10-01 00:00:00,2,3,-1
LYON,2024-10-01 00:00:00,2,1,1
IOWA,2024-10-01 00:00:00,5,6,-1
MADISON,2024-10-01 00:00:00,0,1,-1
WRIGHT,2024-10-01 00:00:00,3,2,1
PAGE,2024-10-01 00:00:00,3,2,1
MUSCATINE,2024-10-01 00:00:00,5,4,1
GREENE,2024-10-01 00:00:00,1,1,0
HARDIN,2024-10-01 00:00:00,4,4,0
HANCOCK,2024-10-01 00:00:00,1,1,0
HAMILTON,2024-10-01 00:00:00,2,2,0
DELAWARE,2024-10-01 00:00:00,0,0,0
POCAHONTAS,2024-10-01 00:00:00,1,1,0
DICKINSON,2024-10-01 00:00:00,2,2,0
JONES,2024-10-01 00:00:00,2,2,0
SHELBY,2024-10-01 00:00:00,1,1,0
CLAY,2024-10-01 00:00:00,0,0,0
OSCEOLA,2024-10-01 00:00:00,0,0,0
AUDUBON,2024-10-01 00:00:00,1,1,0
HENRY,2024-10-01 00:00:00,2,2,0
EMMET,2024-10-01 00:00:00,1,1,0
POTTAWATTAMIE,2024-10-01 00:00:00,13,13,0
UNION,2024-10-01 00:00:00,3,3,0
WORTH,2024-10-01 00:00:00,1,1,0
FLOYD,2024-10-01 00:00:00,1,1,0
MONONA,2024-10-01 00:00:00,1,1,0
POWESHIEK,2024-10-01 00:00:00,5,5,0
WINNESHIEK,2024-10-01 00:00:00,2,2,0
DUBUQUE,2024-09-01 00:00:00,16,3,13
POLK,2024-09-01 00:00:00,44,56,-12
BLACK HAWK,2024-09-01 00:00:00,21,11,10
LINN,2024-09-01 00:00:00,21,29,-8
MUSCATINE,2024-09-01 00:00:00,2,8,-6
MARSHALL,2024-09-01 00:00:00,6,1,5
POTTAWATTAMIE,2024-09-01 00:00:00,13,8,5
STORY,2024-09-01 00:00:00,7,12,-5
WOODBURY,2024-09-01 00:00:00,11,7,4
MITCHELL,2024-09-01 00:00:00,0,4,-4
JASPER,2024-09-01 00:00:00,3,7,-4
CEDAR,2024-09-01 00:00:00,4,0,4
CASS,2024-09-01 00:00:00,4,1,3
WASHINGTON,2024-09-01 00:00:00,2,5,-3
HAMILTON,2024-09-01 00:00:00,1,4,-3
SAC,2024-09-01 00:00:00,0,3,-3
CARROLL,2024-09-01 00:00:00,3,0,3
KEOKUK,2024-09-01 00:00:00,3,0,3
PAGE,2024-09-01 00:00:00,0,3,-3
IOWA,2024-09-01 00:00:00,7,4,3
CALHOUN,2024-09-01 00:00:00,3,0,3
CLINTON,2024-09-01 00:00:00,7,5,2
IDA,2024-09-01 00:00:00,2,0,2
GREENE,2024-09-01 00:00:00,0,2,-2
HANCOCK,2024-09-01 00:00:00,2,0,2
JEFFERSON,2024-09-01 00:00:00,0,2,-2
ADAIR,2024-09-01 00:00:00,0,2,-2
MILLS,2024-09-01 00:00:00,3,1,2
LUCAS,2024-09-01 00:00:00,2,0,2
CRAWFORD,2024-09-01 00:00:00,0,2,-2
PALO ALTO,2024-09-01 00:00:00,0,2,-2
LEE,2024-09-01 00:00:00,5,3,2
MONONA,2024-09-01 00:00:00,2,0,2
WRIGHT,2024-09-01 00:00:00,3,1,2
WINNESHIEK,2024-09-01 00:00:00,1,3,-2
PLYMOUTH,2024-09-01 00:00:00,2,4,-2
ALLAMAKEE,2024-09-01 00:00:00,0,2,-2
FAYETTE,2024-09-01 00:00:00,1,3,-2
DALLAS,2024-09-01 00:00:00,8,9,-1
BREMER,2024-09-01 00:00:00,1,2,-1
WEBSTER,2024-09-01 00:00:00,5,4,1
TAMA,2024-09-01 00:00:00,2,3,-1
HARDIN,2024-09-01 00:00:00,3,2,1
BUTLER,2024-09-01 00:00:00,2,3,-1
HOWARD,2024-09-01 00:00:00,1,0,1
DECATUR,2024-09-01 00:00:00,0,1,-1
BOONE,2024-09-01 00:00:00,2,3,-1
MARION,2024-09-01 00:00:00,2,1,1
EMMET,2024-09-01 00:00:00,2,3,-1
UNION,2024-09-01 00:00:00,3,2,1
HENRY,2024-09-01 00:00:00,1,2,-1
,2024-09-01 00:00:00,1,0,1
AUDUBON,2024-09-01 00:00:00,1,0,1
BENTON,2024-09-01 00:00:00,0,1,-1
APPANOOSE,2024-09-01 00:00:00,2,1,1
CHEROKEE,2024-09-01 00:00:00,1,0,1
BUCHANAN,2024-09-01 00:00:00,1,2,-1
HARRISON,2024-09-01 00:00:00,1,2,-1
SHELBY,2024-09-01 00:00:00,0,1,-1
JONES,2024-09-01 00:00:00,1,0,1
ADAMS,2024-09-01 00:00:00,0,1,-1
JOHNSON,2024-09-01 00:00:00,11,10,1
DICKINSON,2024-09-01 00:00:00,2,1,1
LYON,2024-09-01 00:00:00,0,1,-1
POWESHIEK,2024-09-01 00:00:00,6,5,1
CLARKE,2024-09-01 00:00:00,1,0,1
KOSSUTH,2024-09-01 00:00:00,1,1,0
BUENA VISTA,2024-09-01 00:00:00,3,3,0
SIOUX,2024-09-01 00:00:00,4,4,0
TAYLOR,2024-09-01 00:00:00,1,1,0
RINGGOLD,2024-09-01 00:00:00,0,0,0
WAYNE,2024-09-01 00:00:00,0,0,0
GUTHRIE,2024-09-01 00:00:00,2,2,0
GRUNDY,2024-09-01 00:00:00,0,0,0
CERRO GORDO,2024-09-01 00:00:00,6,6,0
WINNEBAGO,2024-09-01 00:00:00,2,2,0
FREMONT,2024-09-01 00:00:00,1,1,0
MAHASKA,2024-09-01 00:00:00,1,1,0
OSCEOLA,2024-09-01 00:00:00,0,0,0
CLAY,2024-09-01 00:00:00,0,0,0
CHICKASAW,2024-09-01 00:00:00,1,1,0
DELAWARE,2024-09-01 00:00:00,0,0,0
WAPELLO,2024-09-01 00:00:00,4,4,0
SCOTT,2024-09-01 00:00:00,12,12,0
MONTGOMERY,2024-09-01 00:00:00,1,1,0
DES MOINES,2024-09-01 00:00:00,7,7,0
POCAHONTAS,2024-09-01 00:00:00,1,1,0
MADISON,2024-09-01 00:00:00,1,1,0
CLAYTON,2024-09-01 00:00:00,2,2,0
HUMBOLDT,2024-09-01 00:00:00,1,1,0
WORTH,2024-09-01 00:00:00,1,1,0
MONROE,2024-09-01 00:00:00,1,1,0
WARREN,2024-09-01 00:00:00,6,6,0
FRANKLIN,2024-09-01 00:00:00,1,1,0
O'BRIEN,2024-09-01 00:00:00,2,2,0
FLOYD,2024-09-01 00:00:00,1,1,0
JACKSON,2024-09-01 00:00:00,2,2,0
WOODBURY,2024-08-01 00:00:00,7,18,-11
POLK,2024-08-01 00:00:00,53,43,10
POTTAWATTAMIE,2024-08-01 00:00:00,6,13,-7
DUBUQUE,2024-08-01 00:00:00,6,12,-6
BREMER,2024-08-01 00:00:00,0,6,-6
BLACK HAWK,2024-08-01 00:00:00,8,14,-6
MONONA,2024-08-01 00:00:00,0,4,-4
MITCHELL,2024-08-01 00:00:00,4,0,4
HENRY,2024-08-01 00:00:00,3,7,-4
CERRO GORDO,2024-08-01 00:00:00,5,1,4
DES MOINES,2024-08-01 00:00:00,7,3,4
MARSHALL,2024-08-01 00:00:00,2,6,-4
CLARKE,2024-08-01 00:00:00,1,4,-3
FLOYD,2024-08-01 00:00:00,1,4,-3
PLYMOUTH,2024-08-01 00:00:00,5,2,3
IOWA,2024-08-01 00:00:00,3,6,-3
MUSCATINE,2024-08-01 00:00:00,6,3,3
POWESHIEK,2024-08-01 00:00:00,3,6,-3
CRAWFORD,2024-08-01 00:00:00,3,0,3
EMMET,2024-08-01 00:00:00,3,0,3
ADAIR,2024-08-01 00:00:00,3,0,3
JOHNSON,2024-08-01 00:00:00,13,16,-3
DICKINSON,2024-08-01 00:00:00,3,6,-3
BUENA VISTA,2024-08-01 00:00:00,4,1,3
CASS,2024-08-01 00:00:00,1,4,-3
HAMILTON,2024-08-01 00:00:00,4,1,3
WARREN,2024-08-01 00:00:00,5,7,-2
O'BRIEN,2024-08-01 00:00:00,1,3,-2
PAGE,2024-08-01 00:00:00,3,1,2
WINNESHIEK,2024-08-01 00:00:00,4,2,2
MADISON,2024-08-01 00:00:00,0,2,-2
CLAYTON,2024-08-01 00:00:00,2,4,-2
WINNEBAGO,2024-08-01 00:00:00,3,1,2
LUCAS,2024-08-01 00:00:00,0,2,-2
MARION,2024-08-01 00:00:00,2,4,-2
SCOTT,2024-08-01 00:00:00,13,15,-2
JONES,2024-08-01 00:00:00,0,2,-2
SHELBY,2024-08-01 00:00:00,2,0,2
DELAWARE,2024-08-01 00:00:00,1,3,-2
MAHASKA,2024-08-01 00:00:00,0,2,-2
APPANOOSE,2024-08-01 00:00:00,1,3,-2
GREENE,2024-08-01 00:00:00,1,3,-2
HARDIN,2024-08-01 00:00:00,2,0,2
BUTLER,2024-08-01 00:00:00,2,0,2
IDA,2024-08-01 00:00:00,0,2,-2
CLINTON,2024-08-01 00:00:00,7,5,2
WEBSTER,2024-08-01 00:00:00,3,5,-2
CEDAR,2024-08-01 00:00:00,1,2,-1
JACKSON,2024-08-01 00:00:00,2,1,1
WORTH,2024-08-01 00:00:00,1,0,1
FAYETTE,2024-08-01 00:00:00,3,2,1
FRANKLIN,2024-08-01 00:00:00,1,0,1
MONROE,2024-08-01 00:00:00,1,0,1
HUMBOLDT,2024-08-01 00:00:00,1,0,1
ALLAMAKEE,2024-08-01 00:00:00,2,1,1
LYON,2024-08-01 00:00:00,2,3,-1
CALHOUN,2024-08-01 00:00:00,0,1,-1
WRIGHT,2024-08-01 00:00:00,1,2,-1
STORY,2024-08-01 00:00:00,11,12,-1
VAN BUREN,2024-08-01 00:00:00,0,1,-1
CARROLL,2024-08-01 00:00:00,2,1,1
MILLS,2024-08-01 00:00:00,1,2,-1
JEFFERSON,2024-08-01 00:00:00,2,1,1
GUTHRIE,2024-08-01 00:00:00,1,2,-1
WAPELLO,2024-08-01 00:00:00,2,3,-1
POCAHONTAS,2024-08-01 00:00:00,1,2,-1
HARRISON,2024-08-01 00:00:00,2,3,-1
LEE,2024-08-01 00:00:00,3,4,-1
JASPER,2024-08-01 00:00:00,2,3,-1
PALO ALTO,2024-08-01 00:00:00,1,2,-1
MONTGOMERY,2024-08-01 00:00:00,1,0,1
CLAY,2024-08-01 00:00:00,1,0,1
BUCHANAN,2024-08-01 00:00:00,1,2,-1
LINN,2024-08-01 00:00:00,24,23,1
AUDUBON,2024-08-01 00:00:00,1,0,1
BENTON,2024-08-01 00:00:00,2,3,-1
WAYNE,2024-08-01 00:00:00,1,0,1
HOWARD,2024-08-01 00:00:00,0,1,-1
RINGGOLD,2024-08-01 00:00:00,1,0,1
DECATUR,2024-08-01 00:00:00,1,0,1
DALLAS,2024-08-01 00:00:00,7,8,-1
WASHINGTON,2024-08-01 00:00:00,2,3,-1
TAMA,2024-08-01 00:00:00,3,2,1
SAC,2024-08-01 00:00:00,3,2,1
KOSSUTH,2024-08-01 00:00:00,1,2,-1
TAYLOR,2024-08-01 00:00:00,1,0,1
BOONE,2024-08-01 00:00:00,2,2,0
UNION,2024-08-01 00:00:00,1,1,0
GRUNDY,2024-08-01 00:00:00,0,0,0
ADAMS,2024-08-01 00:00:00,0,0,0
FREMONT,2024-08-01 00:00:00,1,1,0
CHEROKEE,2024-08-01 00:00:00,1,1,0
CHICKASAW,2024-08-01 00:00:00,0,0,0
OSCEOLA,2024-08-01 00:00:00,0,0,0
SIOUX,2024-08-01 00:00:00,4,4,0
WOODBURY,2024-07-01 00:00:00,18,7,11
SCOTT,2024-07-01 00:00:00,19,10,9
LINN,2024-07-01 00:00:00,27,21,6
POLK,2024-07-01 00:00:00,43,49,-6
FLOYD,2024-07-01 00:00:00,6,1,5
HENRY,2024-07-01 00:00:00,7,2,5
POTTAWATTAMIE,2024-07-01 00:00:00,13,8,5
JOHNSON,2024-07-01 00:00:00,17,12,5
BREMER,2024-07-01 00:00:00,7,2,5
POWESHIEK,2024-07-01 00:00:00,5,1,4
MONONA,2024-07-01 00:00:00,4,0,4
PLYMOUTH,2024-07-01 00:00:00,4,0,4
JASPER,2024-07-01 00:00:00,2,6,-4
MONTGOMERY,2024-07-01 00:00:00,0,4,-4
DALLAS,2024-07-01 00:00:00,9,5,4
FRANKLIN,2024-07-01 00:00:00,0,3,-3
CERRO GORDO,2024-07-01 00:00:00,2,5,-3
BOONE,2024-07-01 00:00:00,2,5,-3
DELAWARE,2024-07-01 00:00:00,3,0,3
WAPELLO,2024-07-01 00:00:00,3,0,3
BUCHANAN,2024-07-01 00:00:00,1,4,-3
GREENE,2024-07-01 00:00:00,3,0,3
DECATUR,2024-07-01 00:00:00,0,3,-3
CASS,2024-07-01 00:00:00,3,0,3
JACKSON,2024-07-01 00:00:00,1,3,-2
O'BRIEN,2024-07-01 00:00:00,2,4,-2
CLARKE,2024-07-01 00:00:00,3,1,2
DUBUQUE,2024-07-01 00:00:00,6,8,-2
WRIGHT,2024-07-01 00:00:00,2,4,-2
PAGE,2024-07-01 00:00:00,1,3,-2
IOWA,2024-07-01 00:00:00,4,2,2
LYON,2024-07-01 00:00:00,2,0,2
CLAYTON,2024-07-01 00:00:00,5,3,2
STORY,2024-07-01 00:00:00,9,11,-2
CRAWFORD,2024-07-01 00:00:00,0,2,-2
EMMET,2024-07-01 00:00:00,0,2,-2
SHELBY,2024-07-01 00:00:00,0,2,-2
JONES,2024-07-01 00:00:00,0,2,-2
APPANOOSE,2024-07-01 00:00:00,2,0,2
HOWARD,2024-07-01 00:00:00,1,3,-2
MARSHALL,2024-07-01 00:00:00,4,6,-2
IDA,2024-07-01 00:00:00,2,0,2
WASHINGTON,2024-07-01 00:00:00,4,2,2
SIOUX,2024-07-01 00:00:00,4,2,2
BLACK HAWK,2024-07-01 00:00:00,12,14,-2
SAC,2024-07-01 00:00:00,3,1,2
TAYLOR,2024-07-01 00:00:00,0,2,-2
FAYETTE,2024-07-01 00:00:00,2,3,-1
WORTH,2024-07-01 00:00:00,0,1,-1
ALLAMAKEE,2024-07-01 00:00:00,2,1,1
MUSCATINE,2024-07-01 00:00:00,5,6,-1
HUMBOLDT,2024-07-01 00:00:00,1,0,1
CALHOUN,2024-07-01 00:00:00,1,0,1
LOUISA,2024-07-01 00:00:00,0,1,-1
MITCHELL,2024-07-01 00:00:00,0,1,-1
WINNEBAGO,2024-07-01 00:00:00,0,1,-1
VAN BUREN,2024-07-01 00:00:00,1,0,1
MARION,2024-07-01 00:00:00,4,5,-1
JEFFERSON,2024-07-01 00:00:00,1,2,-1
LUCAS,2024-07-01 00:00:00,0,1,-1
GRUNDY,2024-07-01 00:00:00,1,0,1
CARROLL,2024-07-01 00:00:00,1,2,-1
MILLS,2024-07-01 00:00:00,1,2,-1
ADAMS,2024-07-01 00:00:00,0,1,-1
LEE,2024-07-01 00:00:00,4,3,1
PALO ALTO,2024-07-01 00:00:00,3,2,1
DICKINSON,2024-07-01 00:00:00,3,2,1
KEOKUK,2024-07-01 00:00:00,0,1,-1
CHICKASAW,2024-07-01 00:00:00,1,0,1
CLAY,2024-07-01 00:00:00,1,2,-1
AUDUBON,2024-07-01 00:00:00,1,2,-1
WAYNE,2024-07-01 00:00:00,0,1,-1
BUTLER,2024-07-01 00:00:00,1,0,1
HARDIN,2024-07-01 00:00:00,1,2,-1
HANCOCK,2024-07-01 00:00:00,0,1,-1
HAMILTON,2024-07-01 00:00:00,1,2,-1
TAMA,2024-07-01 00:00:00,3,4,-1
BUENA VISTA,2024-07-01 00:00:00,1,0,1
CLINTON,2024-07-01 00:00:00,3,4,-1
WEBSTER,2024-07-01 00:00:00,4,3,1
CEDAR,2024-07-01 00:00:00,1,1,0
WARREN,2024-07-01 00:00:00,5,5,0
WINNESHIEK,2024-07-01 00:00:00,1,1,0
MADISON,2024-07-01 00:00:00,2,2,0
ADAIR,2024-07-01 00:00:00,0,0,0
UNION,2024-07-01 00:00:00,1,1,0
GUTHRIE,2024-07-01 00:00:00,2,2,0
HARRISON,2024-07-01 00:00:00,2,2,0
POCAHONTAS,2024-07-01 00:00:00,1,1,0
DES MOINES,2024-07-01 00:00:00,6,6,0
MAHASKA,2024-07-01 00:00:00,3,3,0
BENTON,2024-07-01 00:00:00,4,4,0
FREMONT,2024-07-01 00:00:00,1,1,0
CHEROKEE,2024-07-01 00:00:00,1,1,0
OSCEOLA,2024-07-01 00:00:00,0,0,0
KOSSUTH,2024-07-01 00:00:00,1,1,0
BUCHANAN,2024-06-01 00:00:00,6,0,6
BLACK HAWK,2024-06-01 00:00:00,19,13,6
STORY,2024-06-01 00:00:00,12,7,5
WOODBURY,2024-06-01 00:00:00,7,12,-5
LINN,2024-06-01 00:00:00,20,25,-5
O'BRIEN,2024-06-01 00:00:00,5,0,5
WARREN,2024-06-01 00:00:00,7,2,5
BOONE,2024-06-01 00:00:00,6,1,5
JACKSON,2024-06-01 00:00:00,4,0,4
CLINTON,2024-06-01 00:00:00,6,2,4
DALLAS,2024-06-01 00:00:00,6,10,-4
HOWARD,2024-06-01 00:00:00,4,0,4
MONTGOMERY,2024-06-01 00:00:00,4,0,4
JONES,2024-06-01 00:00:00,4,0,4
JASPER,2024-06-01 00:00:00,6,2,4
DES MOINES,2024-06-01 00:00:00,8,4,4
SCOTT,2024-06-01 00:00:00,13,17,-4
POTTAWATTAMIE,2024-06-01 00:00:00,5,9,-4
CHEROKEE,2024-06-01 00:00:00,0,3,-3
CLAY,2024-06-01 00:00:00,1,4,-3
DUBUQUE,2024-06-01 00:00:00,8,11,-3
WAPELLO,2024-06-01 00:00:00,1,4,-3
UNION,2024-06-01 00:00:00,0,3,-3
HENRY,2024-06-01 00:00:00,2,4,-2
CRAWFORD,2024-06-01 00:00:00,0,2,-2
APPANOOSE,2024-06-01 00:00:00,0,2,-2
BENTON,2024-06-01 00:00:00,4,2,2
AUDUBON,2024-06-01 00:00:00,2,0,2
CEDAR,2024-06-01 00:00:00,1,3,-2
FRANKLIN,2024-06-01 00:00:00,3,1,2
CLARKE,2024-06-01 00:00:00,0,2,-2
BUENA VISTA,2024-06-01 00:00:00,1,3,-2
HAMILTON,2024-06-01 00:00:00,3,1,2
TAYLOR,2024-06-01 00:00:00,2,0,2
MARSHALL,2024-06-01 00:00:00,6,4,2
GREENE,2024-06-01 00:00:00,2,0,2
ALLAMAKEE,2024-06-01 00:00:00,2,4,-2
CLAYTON,2024-06-01 00:00:00,1,3,-2
PLYMOUTH,2024-06-01 00:00:00,0,2,-2
JOHNSON,2024-06-01 00:00:00,15,13,2
POCAHONTAS,2024-06-01 00:00:00,2,0,2
SHELBY,2024-06-01 00:00:00,2,0,2
JEFFERSON,2024-06-01 00:00:00,2,0,2
WINNEBAGO,2024-06-01 00:00:00,1,2,-1
LOUISA,2024-06-01 00:00:00,1,2,-1
VAN BUREN,2024-06-01 00:00:00,0,1,-1
CHICKASAW,2024-06-01 00:00:00,0,1,-1
KEOKUK,2024-06-01 00:00:00,0,1,-1
FREMONT,2024-06-01 00:00:00,2,1,1
MAHASKA,2024-06-01 00:00:00,3,2,1
OSCEOLA,2024-06-01 00:00:00,1,0,1
FLOYD,2024-06-01 00:00:00,1,0,1
WORTH,2024-06-01 00:00:00,1,0,1
KOSSUTH,2024-06-01 00:00:00,0,1,-1
POLK,2024-06-01 00:00:00,47,48,-1
TAMA,2024-06-01 00:00:00,3,2,1
BREMER,2024-06-01 00:00:00,1,2,-1
WEBSTER,2024-06-01 00:00:00,4,3,1
SAC,2024-06-01 00:00:00,2,3,-1
DECATUR,2024-06-01 00:00:00,1,0,1
BUTLER,2024-06-01 00:00:00,0,1,-1
HARDIN,2024-06-01 00:00:00,2,3,-1
MONONA,2024-06-01 00:00:00,0,1,-1
CALHOUN,2024-06-01 00:00:00,0,1,-1
IOWA,2024-06-01 00:00:00,4,5,-1
POWESHIEK,2024-06-01 00:00:00,3,2,1
MADISON,2024-06-01 00:00:00,2,1,1
HUMBOLDT,2024-06-01 00:00:00,1,2,-1
WINNESHIEK,2024-06-01 00:00:00,1,2,-1
MUSCATINE,2024-06-01 00:00:00,5,6,-1
WRIGHT,2024-06-01 00:00:00,2,1,1
HARRISON,2024-06-01 00:00:00,3,2,1
PALO ALTO,2024-06-01 00:00:00,2,1,1
ADAMS,2024-06-01 00:00:00,1,0,1
DELAWARE,2024-06-01 00:00:00,1,0,1
CERRO GORDO,2024-06-01 00:00:00,5,4,1
MILLS,2024-06-01 00:00:00,2,1,1
GUTHRIE,2024-06-01 00:00:00,2,1,1
EMMET,2024-06-01 00:00:00,1,2,-1
ADAIR,2024-06-01 00:00:00,1,2,-1
GRUNDY,2024-06-01 00:00:00,0,1,-1
MITCHELL,2024-06-01 00:00:00,1,1,0
FAYETTE,2024-06-01 00:00:00,3,3,0
WASHINGTON,2024-06-01 00:00:00,4,4,0
SIOUX,2024-06-01 00:00:00,1,1,0
CASS,2024-06-01 00:00:00,1,1,0
IDA,2024-06-01 00:00:00,0,0,0
WAYNE,2024-06-01 00:00:00,1,1,0
HANCOCK,2024-06-01 00:00:00,1,1,0
LYON,2024-06-01 00:00:00,1,1,0
PAGE,2024-06-01 00:00:00,3,3,0
DICKINSON,2024-06-01 00:00:00,3,3,0
LEE,2024-06-01 00:00:00,5,5,0
MARION,2024-06-01 00:00:00,3,3,0
LUCAS,2024-06-01 00:00:00,1,1,0
CARROLL,2024-06-01 00:00:00,1,1,0
SCOTT,2024-05-01 00:00:00,8,23,-15
JOHNSON,2024-05-01 00:00:00,11,20,-9
LINN,2024-05-01 00:00:00,27,18,9
DES MOINES,2024-05-01 00:00:00,1,8,-7
BLACK HAWK,2024-05-01 00:00:00,8,15,-7
DELAWARE,2024-05-01 00:00:00,0,5,-5
BUCHANAN,2024-05-01 00:00:00,0,5,-5
BENTON,2024-05-01 00:00:00,1,6,-5
STORY,2024-05-01 00:00:00,8,12,-4
DICKINSON,2024-05-01 00:00:00,5,1,4
CLAY,2024-05-01 00:00:00,4,0,4
WASHINGTON,2024-05-01 00:00:00,5,1,4
FLOYD,2024-05-01 00:00:00,0,3,-3
POWESHIEK,2024-05-01 00:00:00,3,6,-3
PLYMOUTH,2024-05-01 00:00:00,1,4,-3
CRAWFORD,2024-05-01 00:00:00,4,1,3
WINNEBAGO,2024-05-01 00:00:00,3,0,3
UNION,2024-05-01 00:00:00,3,0,3
POTTAWATTAMIE,2024-05-01 00:00:00,9,6,3
HOWARD,2024-05-01 00:00:00,0,3,-3
SIOUX,2024-05-01 00:00:00,3,6,-3
CASS,2024-05-01 00:00:00,1,4,-3
WARREN,2024-05-01 00:00:00,2,4,-2
O'BRIEN,2024-05-01 00:00:00,0,2,-2
CLARKE,2024-05-01 00:00:00,2,0,2
WOODBURY,2024-05-01 00:00:00,7,5,2
GUTHRIE,2024-05-01 00:00:00,2,0,2
MARION,2024-05-01 00:00:00,3,1,2
BOONE,2024-05-01 00:00:00,0,2,-2
LUCAS,2024-05-01 00:00:00,2,0,2
CERRO GORDO,2024-05-01 00:00:00,4,2,2
WAPELLO,2024-05-01 00:00:00,4,2,2
CHEROKEE,2024-05-01 00:00:00,3,1,2
MAHASKA,2024-05-01 00:00:00,3,1,2
APPANOOSE,2024-05-01 00:00:00,3,1,2
KEOKUK,2024-05-01 00:00:00,2,0,2
GREENE,2024-05-01 00:00:00,0,2,-2
DECATUR,2024-05-01 00:00:00,2,0,2
BUTLER,2024-05-01 00:00:00,0,2,-2
CLINTON,2024-05-01 00:00:00,4,2,2
HAMILTON,2024-05-01 00:00:00,1,3,-2
CEDAR,2024-05-01 00:00:00,2,3,-1
MONROE,2024-05-01 00:00:00,0,1,-1
FAYETTE,2024-05-01 00:00:00,4,3,1
JACKSON,2024-05-01 00:00:00,0,1,-1
WRIGHT,2024-05-01 00:00:00,2,1,1
DUBUQUE,2024-05-01 00:00:00,11,10,1
MUSCATINE,2024-05-01 00:00:00,2,3,-1
CALHOUN,2024-05-01 00:00:00,0,1,-1
IOWA,2024-05-01 00:00:00,2,3,-1
MONONA,2024-05-01 00:00:00,1,2,-1
LYON,2024-05-01 00:00:00,1,0,1
CLAYTON,2024-05-01 00:00:00,3,2,1
ALLAMAKEE,2024-05-01 00:00:00,2,1,1
WINNESHIEK,2024-05-01 00:00:00,3,2,1
MADISON,2024-05-01 00:00:00,1,2,-1
PAGE,2024-05-01 00:00:00,3,2,1
HENRY,2024-05-01 00:00:00,3,2,1
LOUISA,2024-05-01 00:00:00,1,0,1
MITCHELL,2024-05-01 00:00:00,1,0,1
CARROLL,2024-05-01 00:00:00,1,2,-1
GRUNDY,2024-05-01 00:00:00,1,0,1
MILLS,2024-05-01 00:00:00,1,2,-1
EMMET,2024-05-01 00:00:00,2,1,1
POCAHONTAS,2024-05-01 00:00:00,0,1,-1
JONES,2024-05-01 00:00:00,0,1,-1
HARRISON,2024-05-01 00:00:00,1,2,-1
ADAMS,2024-05-01 00:00:00,1,0,1
JASPER,2024-05-01 00:00:00,3,4,-1
MONTGOMERY,2024-05-01 00:00:00,1,0,1
LEE,2024-05-01 00:00:00,3,4,-1
OSCEOLA,2024-05-01 00:00:00,0,1,-1
CHICKASAW,2024-05-01 00:00:00,1,0,1
FREMONT,2024-05-01 00:00:00,1,2,-1
MARSHALL,2024-05-01 00:00:00,2,1,1
WAYNE,2024-05-01 00:00:00,1,2,-1
DALLAS,2024-05-01 00:00:00,8,7,1
POLK,2024-05-01 00:00:00,51,50,1
SAC,2024-05-01 00:00:00,2,1,1
WEBSTER,2024-05-01 00:00:00,3,4,-1
BREMER,2024-05-01 00:00:00,2,3,-1
FRANKLIN,2024-05-01 00:00:00,1,1,0
HUMBOLDT,2024-05-01 00:00:00,1,1,0
VAN BUREN,2024-05-01 00:00:00,1,1,0
JEFFERSON,2024-05-01 00:00:00,1,1,0
ADAIR,2024-05-01 00:00:00,1,1,0
SHELBY,2024-05-01 00:00:00,0,0,0
PALO ALTO,2024-05-01 00:00:00,2,2,0
HARDIN,2024-05-01 00:00:00,2,2,0
HANCOCK,2024-05-01 00:00:00,0,0,0
IDA,2024-05-01 00:00:00,1,1,0
TAMA,2024-05-01 00:00:00,3,3,0
BUENA VISTA,2024-05-01 00:00:00,3,3,0
KOSSUTH,2024-05-01 00:00:00,2,2,0
SCOTT,2024-04-01 00:00:00,23,8,15
JOHNSON,2024-04-01 00:00:00,17,9,8
STORY,2024-04-01 00:00:00,13,7,6
DES MOINES,2024-04-01 00:00:00,8,2,6
BLACK HAWK,2024-04-01 00:00:00,18,12,6
DICKINSON,2024-04-01 00:00:00,1,6,-5
CASS,2024-04-01 00:00:00,5,0,5
POWESHIEK,2024-04-01 00:00:00,5,1,4
IOWA,2024-04-01 00:00:00,6,2,4
LYON,2024-04-01 00:00:00,0,4,-4
JASPER,2024-04-01 00:00:00,7,3,4
BENTON,2024-04-01 00:00:00,6,2,4
PAGE,2024-04-01 00:00:00,3,0,3
JEFFERSON,2024-04-01 00:00:00,1,4,-3
MONTGOMERY,2024-04-01 00:00:00,0,3,-3
LEE,2024-04-01 00:00:00,5,2,3
MAHASKA,2024-04-01 00:00:00,1,4,-3
BUCHANAN,2024-04-01 00:00:00,4,1,3
CLINTON,2024-04-01 00:00:00,3,6,-3
POLK,2024-04-01 00:00:00,46,49,-3
O'BRIEN,2024-04-01 00:00:00,2,0,2
FLOYD,2024-04-01 00:00:00,3,1,2
FAYETTE,2024-04-01 00:00:00,4,2,2
WARREN,2024-04-01 00:00:00,6,4,2
CEDAR,2024-04-01 00:00:00,4,2,2
DUBUQUE,2024-04-01 00:00:00,9,7,2
PLYMOUTH,2024-04-01 00:00:00,4,2,2
MUSCATINE,2024-04-01 00:00:00,4,2,2
HUMBOLDT,2024-04-01 00:00:00,2,0,2
MADISON,2024-04-01 00:00:00,2,0,2
WOODBURY,2024-04-01 00:00:00,7,5,2
CRAWFORD,2024-04-01 00:00:00,1,3,-2
CARROLL,2024-04-01 00:00:00,2,0,2
ADAIR,2024-04-01 00:00:00,0,2,-2
UNION,2024-04-01 00:00:00,2,4,-2
HARRISON,2024-04-01 00:00:00,3,1,2
DELAWARE,2024-04-01 00:00:00,2,0,2
AUDUBON,2024-04-01 00:00:00,0,2,-2
CHEROKEE,2024-04-01 00:00:00,3,1,2
LINN,2024-04-01 00:00:00,20,18,2
DECATUR,2024-04-01 00:00:00,0,2,-2
HANCOCK,2024-04-01 00:00:00,0,2,-2
DALLAS,2024-04-01 00:00:00,7,9,-2
BUENA VISTA,2024-04-01 00:00:00,1,3,-2
SAC,2024-04-01 00:00:00,2,0,2
WORTH,2024-04-01 00:00:00,0,1,-1
MONROE,2024-04-01 00:00:00,0,1,-1
JACKSON,2024-04-01 00:00:00,1,0,1
WRIGHT,2024-04-01 00:00:00,2,3,-1
ALLAMAKEE,2024-04-01 00:00:00,1,0,1
MONONA,2024-04-01 00:00:00,2,1,1
CLAYTON,2024-04-01 00:00:00,3,2,1
MITCHELL,2024-04-01 00:00:00,0,1,-1
WINNEBAGO,2024-04-01 00:00:00,0,1,-1
VAN BUREN,2024-04-01 00:00:00,1,2,-1
HENRY,2024-04-01 00:00:00,1,2,-1
GUTHRIE,2024-04-01 00:00:00,0,1,-1
GRUNDY,2024-04-01 00:00:00,0,1,-1
LUCAS,2024-04-01 00:00:00,0,1,-1
MILLS,2024-04-01 00:00:00,2,1,1
EMMET,2024-04-01 00:00:00,2,1,1
POTTAWATTAMIE,2024-04-01 00:00:00,12,11,1
MARION,2024-04-01 00:00:00,3,2,1
WAPELLO,2024-04-01 00:00:00,4,3,1
JONES,2024-04-01 00:00:00,1,2,-1
HOWARD,2024-04-01 00:00:00,1,2,-1
IDA,2024-04-01 00:00:00,1,2,-1
WAYNE,2024-04-01 00:00:00,1,0,1
MARSHALL,2024-04-01 00:00:00,5,4,1
KOSSUTH,2024-04-01 00:00:00,2,1,1
SIOUX,2024-04-01 00:00:00,5,4,1
WASHINGTON,2024-04-01 00:00:00,1,2,-1
BREMER,2024-04-01 00:00:00,3,2,1
TAMA,2024-04-01 00:00:00,3,2,1
HAMILTON,2024-04-01 00:00:00,2,1,1
CLARKE,2024-04-01 00:00:00,1,1,0
FRANKLIN,2024-04-01 00:00:00,0,0,0
WINNESHIEK,2024-04-01 00:00:00,2,2,0
CALHOUN,2024-04-01 00:00:00,1,1,0
LOUISA,2024-04-01 00:00:00,1,1,0
CERRO GORDO,2024-04-01 00:00:00,3,3,0
BOONE,2024-04-01 00:00:00,4,4,0
POCAHONTAS,2024-04-01 00:00:00,1,1,0
SHELBY,2024-04-01 00:00:00,0,0,0
PALO ALTO,2024-04-01 00:00:00,0,0,0
OSCEOLA,2024-04-01 00:00:00,0,0,0
FREMONT,2024-04-01 00:00:00,1,1,0
APPANOOSE,2024-04-01 00:00:00,1,1,0
CLAY,2024-04-01 00:00:00,0,0,0
BUTLER,2024-04-01 00:00:00,2,2,0
GREENE,2024-04-01 00:00:00,1,1,0
HARDIN,2024-04-01 00:00:00,2,2,0
WEBSTER,2024-04-01 00:00:00,3,3,0
STORY,2024-03-01 00:00:00,4,13,-9
DALLAS,2024-03-01 00:00:00,10,3,7
CLINTON,2024-03-01 00:00:00,2,8,-6
LINN,2024-03-01 00:00:00,18,23,-5
SCOTT,2024-03-01 00:00:00,13,18,-5
BOONE,2024-03-01 00:00:00,1,6,-5
DICKINSON,2024-03-01 00:00:00,5,1,4
ADAIR,2024-03-01 00:00:00,4,0,4
POLK,2024-03-01 00:00:00,49,53,-4
CASS,2024-03-01 00:00:00,0,4,-4
MARSHALL,2024-03-01 00:00:00,2,6,-4
HUMBOLDT,2024-03-01 00:00:00,0,3,-3
DUBUQUE,2024-03-01 00:00:00,10,7,3
LYON,2024-03-01 00:00:00,4,1,3
WARREN,2024-03-01 00:00:00,5,8,-3
O'BRIEN,2024-03-01 00:00:00,0,3,-3
BUCHANAN,2024-03-01 00:00:00,1,4,-3
WAPELLO,2024-03-01 00:00:00,1,4,-3
MARION,2024-03-01 00:00:00,2,5,-3
GUTHRIE,2024-03-01 00:00:00,0,3,-3
WOODBURY,2024-03-01 00:00:00,8,11,-3
SAC,2024-03-01 00:00:00,0,3,-3
WEBSTER,2024-03-01 00:00:00,1,4,-3
BLACK HAWK,2024-03-01 00:00:00,10,13,-3
WASHINGTON,2024-03-01 00:00:00,1,4,-3
HOWARD,2024-03-01 00:00:00,3,0,3
POWESHIEK,2024-03-01 00:00:00,4,2,2
FRANKLIN,2024-03-01 00:00:00,1,3,-2
AUDUBON,2024-03-01 00:00:00,2,0,2
CHICKASAW,2024-03-01 00:00:00,0,2,-2
SHELBY,2024-03-01 00:00:00,0,2,-2
JOHNSON,2024-03-01 00:00:00,17,15,2
PALO ALTO,2024-03-01 00:00:00,1,3,-2
POTTAWATTAMIE,2024-03-01 00:00:00,10,12,-2
CARROLL,2024-03-01 00:00:00,0,2,-2
VAN BUREN,2024-03-01 00:00:00,2,0,2
BUENA VISTA,2024-03-01 00:00:00,2,0,2
GREENE,2024-03-01 00:00:00,1,3,-2
HANCOCK,2024-03-01 00:00:00,3,1,2
MONONA,2024-03-01 00:00:00,1,0,1
CALHOUN,2024-03-01 00:00:00,1,0,1
PAGE,2024-03-01 00:00:00,0,1,-1
PLYMOUTH,2024-03-01 00:00:00,2,3,-1
MONROE,2024-03-01 00:00:00,1,0,1
JACKSON,2024-03-01 00:00:00,0,1,-1
FLOYD,2024-03-01 00:00:00,1,2,-1
WORTH,2024-03-01 00:00:00,0,1,-1
CEDAR,2024-03-01 00:00:00,2,3,-1
BENTON,2024-03-01 00:00:00,2,3,-1
KEOKUK,2024-03-01 00:00:00,0,1,-1
OSCEOLA,2024-03-01 00:00:00,1,0,1
ADAMS,2024-03-01 00:00:00,0,1,-1
LEE,2024-03-01 00:00:00,2,1,1
DES MOINES,2024-03-01 00:00:00,7,6,1
JONES,2024-03-01 00:00:00,3,2,1
JASPER,2024-03-01 00:00:00,3,4,-1
DELAWARE,2024-03-01 00:00:00,2,1,1
HARRISON,2024-03-01 00:00:00,0,1,-1
CERRO GORDO,2024-03-01 00:00:00,5,4,1
GRUNDY,2024-03-01 00:00:00,0,1,-1
JEFFERSON,2024-03-01 00:00:00,2,1,1
UNION,2024-03-01 00:00:00,3,2,1
HENRY,2024-03-01 00:00:00,3,2,1
CRAWFORD,2024-03-01 00:00:00,2,1,1
LOUISA,2024-03-01 00:00:00,1,0,1
BREMER,2024-03-01 00:00:00,2,3,-1
SIOUX,2024-03-01 00:00:00,3,4,-1
TAMA,2024-03-01 00:00:00,2,1,1
KOSSUTH,2024-03-01 00:00:00,1,2,-1
HARDIN,2024-03-01 00:00:00,3,2,1
IDA,2024-03-01 00:00:00,1,0,1
BUTLER,2024-03-01 00:00:00,3,2,1
MADISON,2024-03-01 00:00:00,1,1,0
MUSCATINE,2024-03-01 00:00:00,6,6,0
ALLAMAKEE,2024-03-01 00:00:00,1,1,0
WINNESHIEK,2024-03-01 00:00:00,2,2,0
IOWA,2024-03-01 00:00:00,2,2,0
WRIGHT,2024-03-01 00:00:00,2,2,0
CLAYTON,2024-03-01 00:00:00,1,1,0
FAYETTE,2024-03-01 00:00:00,3,3,0
CLARKE,2024-03-01 00:00:00,2,2,0
APPANOOSE,2024-03-01 00:00:00,1,1,0
MAHASKA,2024-03-01 00:00:00,2,2,0
CHEROKEE,2024-03-01 00:00:00,1,1,0
FREMONT,2024-03-01 00:00:00,0,0,0
CLAY,2024-03-01 00:00:00,0,0,0
MONTGOMERY,2024-03-01 00:00:00,2,2,0
POCAHONTAS,2024-03-01 00:00:00,1,1,0
EMMET,2024-03-01 00:00:00,1,1,0
LUCAS,2024-03-01 00:00:00,1,1,0
MILLS,2024-03-01 00:00:00,1,1,0
WINNEBAGO,2024-03-01 00:00:00,1,1,0
MITCHELL,2024-03-01 00:00:00,1,1,0
HAMILTON,2024-03-01 00:00:00,2,2,0
WAYNE,2024-03-01 00:00:00,1,1,0
DECATUR,2024-03-01 00:00:00,2,2,0
SCOTT,2024-02-01 00:00:00,17,6,11
STORY,2024-02-01 00:00:00,12,4,8
JOHNSON,2024-02-01 00:00:00,12,19,-7
WAPELLO,2024-02-01 00:00:00,7,1,6
POLK,2024-02-01 00:00:00,55,50,5
CERRO GORDO,2024-02-01 00:00:00,3,8,-5
LINN,2024-02-01 00:00:00,26,22,4
DALLAS,2024-02-01 00:00:00,7,11,-4
LEE,2024-02-01 00:00:00,1,5,-4
BOONE,2024-02-01 00:00:00,5,1,4
FRANKLIN,2024-02-01 00:00:00,3,0,3
CEDAR,2024-02-01 00:00:00,3,0,3
MARSHALL,2024-02-01 00:00:00,5,2,3
IOWA,2024-02-01 00:00:00,1,4,-3
POWESHIEK,2024-02-01 00:00:00,2,5,-3
PAGE,2024-02-01 00:00:00,1,4,-3
PALO ALTO,2024-02-01 00:00:00,4,1,3
WINNEBAGO,2024-02-01 00:00:00,1,3,-2
HENRY,2024-02-01 00:00:00,2,4,-2
JACKSON,2024-02-01 00:00:00,1,3,-2
O'BRIEN,2024-02-01 00:00:00,1,3,-2
WARREN,2024-02-01 00:00:00,7,5,2
FLOYD,2024-02-01 00:00:00,2,4,-2
CLINTON,2024-02-01 00:00:00,5,3,2
TAMA,2024-02-01 00:00:00,0,2,-2
BUTLER,2024-02-01 00:00:00,2,0,2
DECATUR,2024-02-01 00:00:00,2,0,2
HANCOCK,2024-02-01 00:00:00,0,2,-2
GREENE,2024-02-01 00:00:00,3,1,2
ALLAMAKEE,2024-02-01 00:00:00,3,1,2
HUMBOLDT,2024-02-01 00:00:00,2,0,2
DUBUQUE,2024-02-01 00:00:00,10,8,2
HARRISON,2024-02-01 00:00:00,2,0,2
DICKINSON,2024-02-01 00:00:00,1,3,-2
JASPER,2024-02-01 00:00:00,5,7,-2
MARION,2024-02-01 00:00:00,4,2,2
GUTHRIE,2024-02-01 00:00:00,2,0,2
MILLS,2024-02-01 00:00:00,2,0,2
CRAWFORD,2024-02-01 00:00:00,2,1,1
OSCEOLA,2024-02-01 00:00:00,0,1,-1
KEOKUK,2024-02-01 00:00:00,1,0,1
AUDUBON,2024-02-01 00:00:00,0,1,-1
BUCHANAN,2024-02-01 00:00:00,3,2,1
FREMONT,2024-02-01 00:00:00,2,1,1
CLAY,2024-02-01 00:00:00,1,0,1
CHEROKEE,2024-02-01 00:00:00,1,2,-1
CHICKASAW,2024-02-01 00:00:00,2,1,1
MAHASKA,2024-02-01 00:00:00,2,1,1
CLARKE,2024-02-01 00:00:00,1,2,-1
FAYETTE,2024-02-01 00:00:00,2,3,-1
SAC,2024-02-01 00:00:00,2,1,1
BLACK HAWK,2024-02-01 00:00:00,15,14,1
WASHINGTON,2024-02-01 00:00:00,1,0,1
CASS,2024-02-01 00:00:00,3,4,-1
BREMER,2024-02-01 00:00:00,3,2,1
BUENA VISTA,2024-02-01 00:00:00,1,0,1
HOWARD,2024-02-01 00:00:00,1,0,1
WINNESHIEK,2024-02-01 00:00:00,0,1,-1
WRIGHT,2024-02-01 00:00:00,1,2,-1
MONONA,2024-02-01 00:00:00,0,1,-1
LYON,2024-02-01 00:00:00,2,3,-1
CALHOUN,2024-02-01 00:00:00,1,0,1
MUSCATINE,2024-02-01 00:00:00,4,3,1
PLYMOUTH,2024-02-01 00:00:00,2,3,-1
JONES,2024-02-01 00:00:00,2,1,1
DELAWARE,2024-02-01 00:00:00,1,0,1
SHELBY,2024-02-01 00:00:00,1,0,1
DES MOINES,2024-02-01 00:00:00,6,7,-1
ADAIR,2024-02-01 00:00:00,0,1,-1
JEFFERSON,2024-02-01 00:00:00,2,1,1
CARROLL,2024-02-01 00:00:00,2,1,1
UNION,2024-02-01 00:00:00,1,0,1
EMMET,2024-02-01 00:00:00,0,1,-1
LUCAS,2024-02-01 00:00:00,1,0,1
MITCHELL,2024-02-01 00:00:00,1,1,0
WOODBURY,2024-02-01 00:00:00,9,9,0
BENTON,2024-02-01 00:00:00,2,2,0
APPANOOSE,2024-02-01 00:00:00,1,1,0
MONROE,2024-02-01 00:00:00,0,0,0
WORTH,2024-02-01 00:00:00,0,0,0
HAMILTON,2024-02-01 00:00:00,2,2,0
WEBSTER,2024-02-01 00:00:00,3,3,0
KOSSUTH,2024-02-01 00:00:00,1,1,0
SIOUX,2024-02-01 00:00:00,3,3,0
WAYNE,2024-02-01 00:00:00,1,1,0
IDA,2024-02-01 00:00:00,1,1,0
HARDIN,2024-02-01 00:00:00,1,1,0
MADISON,2024-02-01 00:00:00,0,0,0
CLAYTON,2024-02-01 00:00:00,2,2,0
ADAMS,2024-02-01 00:00:00,0,0,0
MONTGOMERY,2024-02-01 00:00:00,1,1,0
POCAHONTAS,2024-02-01 00:00:00,0,0,0
POTTAWATTAMIE,2024-02-01 00:00:00,7,7,0
GRUNDY,2024-02-01 00:00:00,0,0,0
SCOTT,2024-01-01 00:00:00,12,20,-8
WAPELLO,2024-01-01 00:00:00,2,7,-5
PALO ALTO,2024-01-01 00:00:00,0,5,-5
JOHNSON,2024-01-01 00:00:00,18,13,5
WOODBURY,2024-01-01 00:00:00,7,12,-5
DALLAS,2024-01-01 00:00:00,6,11,-5
CEDAR,2024-01-01 00:00:00,0,4,-4
LINN,2024-01-01 00:00:00,20,24,-4
LEE,2024-01-01 00:00:00,4,0,4
CRAWFORD,2024-01-01 00:00:00,0,4,-4
HUMBOLDT,2024-01-01 00:00:00,0,3,-3
DUBUQUE,2024-01-01 00:00:00,6,9,-3
FAYETTE,2024-01-01 00:00:00,5,2,3
BOONE,2024-01-01 00:00:00,1,4,-3
MILLS,2024-01-01 00:00:00,0,3,-3
CARROLL,2024-01-01 00:00:00,0,3,-3
POTTAWATTAMIE,2024-01-01 00:00:00,14,11,3
SIOUX,2024-01-01 00:00:00,5,2,3
TAYLOR,2024-01-01 00:00:00,0,3,-3
KOSSUTH,2024-01-01 00:00:00,4,1,3
BUENA VISTA,2024-01-01 00:00:00,0,3,-3
WASHINGTON,2024-01-01 00:00:00,2,5,-3
ALLAMAKEE,2024-01-01 00:00:00,1,3,-2
FLOYD,2024-01-01 00:00:00,3,1,2
CLARKE,2024-01-01 00:00:00,3,1,2
O'BRIEN,2024-01-01 00:00:00,3,1,2
JACKSON,2024-01-01 00:00:00,1,3,-2
CLAY,2024-01-01 00:00:00,0,2,-2
DICKINSON,2024-01-01 00:00:00,4,2,2
HARRISON,2024-01-01 00:00:00,0,2,-2
DES MOINES,2024-01-01 00:00:00,7,9,-2
DELAWARE,2024-01-01 00:00:00,0,2,-2
JONES,2024-01-01 00:00:00,0,2,-2
UNION,2024-01-01 00:00:00,1,3,-2
STORY,2024-01-01 00:00:00,7,9,-2
BREMER,2024-01-01 00:00:00,1,3,-2
HAMILTON,2024-01-01 00:00:00,2,0,2
CASS,2024-01-01 00:00:00,4,2,2
IDA,2024-01-01 00:00:00,0,2,-2
WAYNE,2024-01-01 00:00:00,0,2,-2
BUTLER,2024-01-01 00:00:00,0,2,-2
PLYMOUTH,2024-01-01 00:00:00,2,1,1
CALHOUN,2024-01-01 00:00:00,0,1,-1
MONONA,2024-01-01 00:00:00,2,1,1
WRIGHT,2024-01-01 00:00:00,3,2,1
MADISON,2024-01-01 00:00:00,0,1,-1
CLAYTON,2024-01-01 00:00:00,2,1,1
MUSCATINE,2024-01-01 00:00:00,4,5,-1
POWESHIEK,2024-01-01 00:00:00,2,3,-1
FRANKLIN,2024-01-01 00:00:00,0,1,-1
WORTH,2024-01-01 00:00:00,1,0,1
MAHASKA,2024-01-01 00:00:00,2,3,-1
FREMONT,2024-01-01 00:00:00,0,1,-1
BUCHANAN,2024-01-01 00:00:00,2,3,-1
CHEROKEE,2024-01-01 00:00:00,1,2,-1
KEOKUK,2024-01-01 00:00:00,0,1,-1
BENTON,2024-01-01 00:00:00,2,3,-1
ADAMS,2024-01-01 00:00:00,0,1,-1
ADAIR,2024-01-01 00:00:00,1,0,1
GUTHRIE,2024-01-01 00:00:00,2,1,1
GRUNDY,2024-01-01 00:00:00,2,1,1
LOUISA,2024-01-01 00:00:00,0,1,-1
VAN BUREN,2024-01-01 00:00:00,0,1,-1
WINNEBAGO,2024-01-01 00:00:00,1,2,-1
MITCHELL,2024-01-01 00:00:00,1,0,1
HENRY,2024-01-01 00:00:00,3,4,-1
POLK,2024-01-01 00:00:00,51,50,1
TAMA,2024-01-01 00:00:00,2,1,1
CLINTON,2024-01-01 00:00:00,5,4,1
BLACK HAWK,2024-01-01 00:00:00,13,12,1
HOWARD,2024-01-01 00:00:00,0,1,-1
HARDIN,2024-01-01 00:00:00,3,4,-1
HANCOCK,2024-01-01 00:00:00,3,2,1
MARSHALL,2024-01-01 00:00:00,1,2,-1
IOWA,2024-01-01 00:00:00,3,3,0
LYON,2024-01-01 00:00:00,3,3,0
WINNESHIEK,2024-01-01 00:00:00,1,1,0
PAGE,2024-01-01 00:00:00,2,2,0
MONROE,2024-01-01 00:00:00,0,0,0
WARREN,2024-01-01 00:00:00,6,6,0
AUDUBON,2024-01-01 00:00:00,1,1,0
CHICKASAW,2024-01-01 00:00:00,1,1,0
APPANOOSE,2024-01-01 00:00:00,1,1,0
OSCEOLA,2024-01-01 00:00:00,0,0,0
POCAHONTAS,2024-01-01 00:00:00,1,1,0
JASPER,2024-01-01 00:00:00,3,3,0
MONTGOMERY,2024-01-01 00:00:00,2,2,0
SHELBY,2024-01-01 00:00:00,1,1,0
MARION,2024-01-01 00:00:00,3,3,0
JEFFERSON,2024-01-01 00:00:00,1,1,0
LUCAS,2024-01-01 00:00:00,0,0,0
EMMET,2024-01-01 00:00:00,1,1,0
CERRO GORDO,2024-01-01 00:00:00,3,3,0
WEBSTER,2024-01-01 00:00:00,5,5,0
SAC,2024-01-01 00:00:00,2,2,0
GREENE,2024-01-01 00:00:00,2,2,0
BLACK HAWK,2023-12-01 00:00:00,6,17,-11
WOODBURY,2023-12-01 00:00:00,13,5,8
POLK,2023-12-01 00:00:00,43,51,-8
STORY,2023-12-01 00:00:00,5,12,-7
FAYETTE,2023-12-01 00:00:00,2,7,-5
CARROLL,2023-12-01 00:00:00,5,0,5
SCOTT,2023-12-01 00:00:00,14,9,5
DALLAS,2023-12-01 00:00:00,10,5,5
DUBUQUE,2023-12-01 00:00:00,7,11,-4
WINNEBAGO,2023-12-01 00:00:00,4,0,4
BOONE,2023-12-01 00:00:00,5,1,4
LINN,2023-12-01 00:00:00,19,23,-4
BUENA VISTA,2023-12-01 00:00:00,4,0,4
SIOUX,2023-12-01 00:00:00,2,6,-4
HAMILTON,2023-12-01 00:00:00,0,4,-4
CEDAR,2023-12-01 00:00:00,4,1,3
WARREN,2023-12-01 00:00:00,5,8,-3
LYON,2023-12-01 00:00:00,4,1,3
CRAWFORD,2023-12-01 00:00:00,3,0,3
JEFFERSON,2023-12-01 00:00:00,0,3,-3
UNION,2023-12-01 00:00:00,3,0,3
PALO ALTO,2023-12-01 00:00:00,5,2,3
HARRISON,2023-12-01 00:00:00,3,0,3
WASHINGTON,2023-12-01 00:00:00,3,0,3
WEBSTER,2023-12-01 00:00:00,5,2,3
JACKSON,2023-12-01 00:00:00,4,2,2
CLAYTON,2023-12-01 00:00:00,1,3,-2
HUMBOLDT,2023-12-01 00:00:00,2,0,2
MADISON,2023-12-01 00:00:00,3,1,2
POWESHIEK,2023-12-01 00:00:00,4,2,2
PAGE,2023-12-01 00:00:00,4,2,2
HENRY,2023-12-01 00:00:00,6,4,2
MILLS,2023-12-01 00:00:00,3,1,2
EMMET,2023-12-01 00:00:00,2,0,2
MONTGOMERY,2023-12-01 00:00:00,2,0,2
JASPER,2023-12-01 00:00:00,4,6,-2
CHICKASAW,2023-12-01 00:00:00,0,2,-2
MAHASKA,2023-12-01 00:00:00,2,4,-2
BENTON,2023-12-01 00:00:00,4,2,2
IDA,2023-12-01 00:00:00,2,0,2
BUTLER,2023-12-01 00:00:00,2,0,2
DECATUR,2023-12-01 00:00:00,0,2,-2
CLINTON,2023-12-01 00:00:00,6,8,-2
SAC,2023-12-01 00:00:00,2,0,2
TAYLOR,2023-12-01 00:00:00,2,0,2
CLARKE,2023-12-01 00:00:00,0,1,-1
FRANKLIN,2023-12-01 00:00:00,1,0,1
O'BRIEN,2023-12-01 00:00:00,2,1,1
CALHOUN,2023-12-01 00:00:00,1,2,-1
MUSCATINE,2023-12-01 00:00:00,3,2,1
IOWA,2023-12-01 00:00:00,3,2,1
PLYMOUTH,2023-12-01 00:00:00,2,3,-1
WRIGHT,2023-12-01 00:00:00,2,1,1
ALLAMAKEE,2023-12-01 00:00:00,0,1,-1
POTTAWATTAMIE,2023-12-01 00:00:00,11,10,1
CERRO GORDO,2023-12-01 00:00:00,4,3,1
ADAIR,2023-12-01 00:00:00,0,1,-1
GUTHRIE,2023-12-01 00:00:00,0,1,-1
MARION,2023-12-01 00:00:00,3,4,-1
DES MOINES,2023-12-01 00:00:00,8,7,1
LEE,2023-12-01 00:00:00,3,4,-1
JONES,2023-12-01 00:00:00,0,1,-1
JOHNSON,2023-12-01 00:00:00,12,11,1
SHELBY,2023-12-01 00:00:00,0,1,-1
WAPELLO,2023-12-01 00:00:00,5,4,1
ADAMS,2023-12-01 00:00:00,1,0,1
AUDUBON,2023-12-01 00:00:00,0,1,-1
CHEROKEE,2023-12-01 00:00:00,1,0,1
APPANOOSE,2023-12-01 00:00:00,1,2,-1
FREMONT,2023-12-01 00:00:00,1,0,1
BUCHANAN,2023-12-01 00:00:00,2,1,1
KEOKUK,2023-12-01 00:00:00,0,1,-1
GREENE,2023-12-01 00:00:00,2,1,1
WAYNE,2023-12-01 00:00:00,3,2,1
HARDIN,2023-12-01 00:00:00,2,3,-1
TAMA,2023-12-01 00:00:00,2,1,1
BREMER,2023-12-01 00:00:00,1,0,1
MONROE,2023-12-01 00:00:00,1,1,0
FLOYD,2023-12-01 00:00:00,1,1,0
WORTH,2023-12-01 00:00:00,1,1,0
WINNESHIEK,2023-12-01 00:00:00,1,1,0
MONONA,2023-12-01 00:00:00,0,0,0
LOUISA,2023-12-01 00:00:00,1,1,0
VAN BUREN,2023-12-01 00:00:00,1,1,0
LUCAS,2023-12-01 00:00:00,0,0,0
GRUNDY,2023-12-01 00:00:00,1,1,0
POCAHONTAS,2023-12-01 00:00:00,1,1,0
DICKINSON,2023-12-01 00:00:00,2,2,0
DELAWARE,2023-12-01 00:00:00,2,2,0
OSCEOLA,2023-12-01 00:00:00,0,0,0
CLAY,2023-12-01 00:00:00,1,1,0
MARSHALL,2023-12-01 00:00:00,3,3,0
HOWARD,2023-12-01 00:00:00,0,0,0
HANCOCK,2023-12-01 00:00:00,1,1,0
KOSSUTH,2023-12-01 00:00:00,1,1,0
CASS,2023-12-01 00:00:00,0,0,0
