issue_type,invoice_item_id,sale_date,store_id,store_name,county,item_id,item_description,volume_liters,sale_dollars,issue_detail
duplicate_store_name_multiple_ids,,,,OASIS,,,,,,2
duplicate_store_name_multiple_ids,,,,SUPER QUICK MART / WINDSOR HEIGHTS,,,,,,2
duplicate_store_name_multiple_ids,,,,STAR CONVENIENCE / FORT DODGE,,,,,,2
duplicate_store_name_multiple_ids,,,,PRIME MART / WATERLOO,,,,,,2
duplicate_store_name_multiple_ids,,,,HAPPY'S WINE & SPIRITS WHOLESALE,,,,,,2
duplicate_store_name_multiple_ids,,,,MEGA SAVER / COUNCIL BLUFFS,,,,,,3
duplicate_store_name_multiple_ids,,,,THE LIQUOR STOP / SUMNER,,,,,,2
duplicate_store_name_multiple_ids,,,,QUICK STOP / CEDAR RAPIDS,,,,,,2
duplicate_store_name_multiple_ids,,,,AVENUE G STORE / COUNCIL BLUFFS,,,,,,2
duplicate_store_name_multiple_ids,,,,PRIME MART / CEDAR FALLS,,,,,,2
duplicate_store_name_multiple_ids,,,,HIWAY 20 LIQUOR AND TOBACCO / FORT DODGE,,,,,,2
duplicate_store_name_multiple_ids,,,,HOMETOWN MARKET / CENTRAL CITY,,,,,,2
duplicate_store_name_multiple_ids,,,,SPEEDY GAS N SHOP / COUNCIL BLUFFS,,,,,,2
duplicate_store_name_multiple_ids,,,,CRESTON LIQUORS / CRESTON,,,,,,2
duplicate_store_name_multiple_ids,,,,HAWKS SMOKE SHOP / MARION,,,,,,2
duplicate_store_name_multiple_ids,,,,SUPER MART / OELWEIN,,,,,,2
duplicate_store_name_multiple_ids,,,,CROSSROADS / HAMPTON,,,,,,2
duplicate_store_name_multiple_ids,,,,RANDY'S NEIGHBORHOOD MARKET,,,,,,2
duplicate_store_name_multiple_ids,,,,HAWKEYE LIQUOR & TOBACCO / IOWA CITY,,,,,,2
duplicate_store_name_multiple_ids,,,,BEER ON FLOYD / SIOUX CITY,,,,,,2
null_key_field,INV-62967600002,2023-10-05,10270,LIQUOR LOVERS  / ANKENY,,77683,SMIRNOFF KISSED CARAMEL,1.5,24.76,county
null_key_field,INV-57085100071,2023-03-30,10183,CROWN LIQUOR & SMOKE / IOWA CITY,,84224,99 LEMON LIME MINI,0.1,15.48,county
null_key_field,INV-57048900154,2023-03-29,10183,CROWN LIQUOR & SMOKE / IOWA CITY,,39322,DEEP EDDY LIME FLAVORED VODKA,1.5,27.0,county
null_key_field,INV-74396700007,2024-09-18,5181,"CASEY'S GENERAL STORE #3434  /  DENV",,26821,"JACK DANIELS OLD #7 BLACK LABEL MINI",1.2,414.0,county
null_key_field,INV-57048900220,2023-03-29,10183,CROWN LIQUOR & SMOKE / IOWA CITY,,64572,CIROC PINEAPPLE,1.12,41.64,county
null_key_field,INV-57065500082,2023-03-29,10183,CROWN LIQUOR & SMOKE / IOWA CITY,,19475,MAKERS MARK REPLICA,0.75,28.0,county
null_key_field,INV-57065500150,2023-03-29,10183,CROWN LIQUOR & SMOKE / IOWA CITY,,5014,GLENFIDDICH 15YR SOLERA RESERVA,0.75,57.75,county
null_key_field,INV-57085300066,2023-03-30,10183,CROWN LIQUOR & SMOKE / IOWA CITY,,88367,CINCORO BLANCO TEQUILA,0.75,67.5,county
null_key_field,INV-63163900012,2023-10-11,10270,LIQUOR LOVERS  / ANKENY,,32460,TINKERMANS BRIGHT COMPLEX,0.75,19.5,county
null_key_field,INV-63269500025,2023-10-13,10094,"CASEY'S #6134 / COUNCIL BLUFFS",,38194,TITOS HANDMADE VODKA MINI,0.5,192.0,county
null_key_field,INV-74102000012,2024-09-10,5181,"CASEY'S GENERAL STORE #3434  /  DENV",,43331,CAPTAIN MORGAN ORIGINAL SPICED MINI,0.1,14.4,county
volume_outlier,INV-72567200001,2024-07-25,5144,SAM'S CLUB 6979 / ANKENY,POLK,936859,MEMBERS MARK VODKA,1344.0,8355.84,above_p999_volume
volume_outlier,INV-63305000019,2023-10-16,2512,"HY-VEE WINE AND SPIRITS #1 (1281) / IOWA CITY",JOHNSON,36889,BARTON NATURALS VODKA,2400.0,14544.0,above_p999_volume
volume_outlier,INV-72232100011,2024-07-16,2593,HY-VEE FOOD STORE / CARROLL,CARROLL,11788,BLACK VELVET,2121.0,20907.0,above_p999_volume
volume_outlier,INV-74583900003,2024-09-24,3814,"COSTCO WHOLESALE #788 / WDM",DALLAS,987514,KIRKLAND SIGNATURE FRENCH VODKA,1071.0,11505.6,above_p999_volume
volume_outlier,INV-56965500096,2023-03-27,2633,"HY-VEE #3 / BDI / DES MOINES",POLK,77487,TORTILLA GOLD DSS,7920.0,58212.0,above_p999_volume
volume_outlier,INV-74105100006,2024-09-10,3385,SAM'S CLUB 8162 / CEDAR RAPIDS,LINN,936859,MEMBERS MARK VODKA,1344.0,8355.84,above_p999_volume
volume_outlier,INV-63105200003,2023-10-10,5666,"COSTCO WHOLESALE #1325 / DAVENPORT",SCOTT,936600,KIRKLAND SIGNATURE AMERICAN VODKA,2520.0,18792.0,above_p999_volume
volume_outlier,INV-69524100003,2024-04-24,3385,SAM'S CLUB 8162 / CEDAR RAPIDS,LINN,936859,MEMBERS MARK VODKA,2016.0,12533.76,above_p999_volume
volume_outlier,INV-77549700010,2024-12-13,2507,"HY-VEE FOOD STORE #1 (1042) / BURLINGTON",DES MOINES,36978,NIKOLAI VODKA,1050.0,6354.0,above_p999_volume
volume_outlier,INV-55802100001,2023-02-13,6229,BEER THIRTY STORM LAKE / STORM LAKE,BUENA VISTA,11788,BLACK VELVET,1050.0,9408.0,above_p999_volume
volume_outlier,INV-58935900005,2023-05-31,5144,SAM'S CLUB 6979 / ANKENY,POLK,936859,MEMBERS MARK VODKA,2016.0,12533.76,above_p999_volume
volume_outlier,INV-76877500004,2024-11-25,10074,"COSTCO WHOLESALE #1630 / ANKENY",POLK,926229,KIRKLAND SIGNATURE TENNESSEE SOUR MASH WHISKEY,1008.0,16156.8,above_p999_volume
volume_outlier,INV-67066500030,2024-02-08,3494,SAM'S CLUB 6514 / WATERLOO,BLACK HAWK,77487,TORTILLA GOLD DSS,2304.0,16934.4,above_p999_volume
volume_outlier,INV-65681400002,2023-12-27,3385,SAM'S CLUB 8162 / CEDAR RAPIDS,LINN,988063,MEMBERS MARK SILVER TEQUILA,1008.0,13426.56,above_p999_volume
volume_outlier,INV-69027100001,2024-04-09,5666,"COSTCO WHOLESALE #1325 / DAVENPORT",SCOTT,936600,KIRKLAND SIGNATURE AMERICAN VODKA,1260.0,9396.0,above_p999_volume
volume_outlier,INV-64253200001,2023-11-14,2665,HY-VEE / WAUKEE,DALLAS,1799,CAPTAIN MORGAN ORIGINAL SPICED BARREL,1260.0,20512.8,above_p999_volume
volume_outlier,INV-66911500002,2024-02-05,2713,HY-VEE DYERSVILLE DOLLAR FRESH,DUBUQUE,11788,BLACK VELVET,1554.0,14652.0,above_p999_volume
volume_outlier,INV-61977000035,2023-09-07,3420,SAM'S CLUB 6344 / WINDSOR HEIGHTS,POLK,77487,TORTILLA GOLD DSS,1536.0,11289.6,above_p999_volume
volume_outlier,INV-60919600011,2023-08-03,3494,SAM'S CLUB 6514 / WATERLOO,BLACK HAWK,38178,TITOS HANDMADE VODKA,1890.0,30780.0,above_p999_volume
volume_outlier,INV-56967300001,2023-03-27,2561,HY-VEE FOOD STORE (1148) / FLEUR / DSM,POLK,1799,CAPTAIN MORGAN ORIGINAL SPICED BARREL,1155.0,17820.0,above_p999_volume
volume_outlier,INV-68896800003,2024-04-04,3447,SAM'S CLUB 6432 / SIOUX CITY,WOODBURY,936859,MEMBERS MARK VODKA,1344.0,8355.84,above_p999_volume
volume_outlier,INV-58104000043,2023-05-03,2512,"HY-VEE WINE AND SPIRITS #1 (1281) / IOWA CITY",JOHNSON,36889,BARTON NATURALS VODKA,1020.0,6181.2,above_p999_volume
volume_outlier,INV-62646300003,2023-09-26,3814,"COSTCO WHOLESALE #788 / WDM",DALLAS,908806,KIRKLAND SIGNATURE CANADIAN WHISKEY,1134.0,12882.24,above_p999_volume
volume_outlier,INV-71370600006,2024-06-19,3525,WINES AND SPIRITS / WASHINGTON,WASHINGTON,76227,MONTEZUMA BLUE,1080.0,7549.2,above_p999_volume
volume_outlier,INV-64868600003,2023-12-04,4677,"COSTCO WHOLESALE #1111 / CORALVILLE",JOHNSON,936600,KIRKLAND SIGNATURE AMERICAN VODKA,3780.0,28188.0,above_p999_volume
volume_outlier,INV-58209500049,2023-05-08,2512,"HY-VEE WINE AND SPIRITS #1 (1281) / IOWA CITY",JOHNSON,36889,BARTON NATURALS VODKA,1200.0,7272.0,above_p999_volume
volume_outlier,INV-59828000049,2023-06-28,3773,BENZ DISTRIBUTING,LINN,38177,TITOS HANDMADE VODKA,1320.0,26083.2,above_p999_volume
volume_outlier,INV-71824200011,2024-07-02,3385,SAM'S CLUB 8162 / CEDAR RAPIDS,LINN,1799,CAPTAIN MORGAN ORIGINAL SPICED BARREL,945.0,15384.6,above_p999_volume
volume_outlier,INV-62495900008,2023-09-20,4582,"JIFFY #926 / SPIRIT LAKE",DICKINSON,36978,NIKOLAI VODKA,2100.0,12708.0,above_p999_volume
volume_outlier,INV-56787200042,2023-03-17,2613,"HY-VEE FOOD STORE #1 / COUNCIL BLUFFS",POTTAWATTAMIE,43338,CAPTAIN MORGAN ORIGINAL SPICED,1050.0,16200.0,above_p999_volume
volume_outlier,INV-63845900002,2023-11-01,4971,"FAREWAY STORES #138 / PLEASANT HILL",POLK,1799,CAPTAIN MORGAN ORIGINAL SPICED BARREL,1291.5,21025.62,above_p999_volume
